id,status_hash,user_id,email_id,institution_id,firstname,lastname,dob,audit_action,reason,mvf_doc_url,action_performed_by,created_at
1,f2b5da0f-27e4-45f5-af96-5cf5ba842107#pending,f2b5da0f-27e4-45f5-af96-5cf5ba842107,k2@harakirimail.com,,Dorian,Holloway,0000-00-00,pending,,f2b5da0f-27e4-45f5-af96-5cf5ba842107.jpg,admin,14/12/2022 05:23
2,03389f0c-c0a1-479f-8ddb-85e9481bb2f6#pending,03389f0c-c0a1-479f-8ddb-85e9481bb2f6,identity.3kfqz@harakirimail.com,,TestUser,TestUser,0000-00-00,pending,,03389f0c-c0a1-479f-8ddb-85e9481bb2f6.jpg,admin,09/12/2022 04:38
3,0419dad4-fab6-4c21-aa8d-6c4c34a77d0e#pending,0419dad4-fab6-4c21-aa8d-6c4c34a77d0e,identity.d7uwm@harakirimail.com,,TestUser,TestUser,0000-00-00,pending,,0419dad4-fab6-4c21-aa8d-6c4c34a77d0e.jpg,admin,08/12/2022 04:37
4,050b63b4-d215-4beb-9e69-60161461e1a0#pending,050b63b4-d215-4beb-9e69-60161461e1a0,identity.nedok@harakirimail.com,,TestUser,TestUser,0000-00-00,pending,,050b63b4-d215-4beb-9e69-60161461e1a0.jpg,admin,12/12/2022 04:37
5,0867126d-b15c-48d2-b55e-97ec9abf77e9#pending,0867126d-b15c-48d2-b55e-97ec9abf77e9,june30_1@harakirimail.com,4285,parag,patilsss,0000-00-00,pending,,,admin,07/12/2022 07:10
6,0a93e895-b2b3-414f-a3eb-d91283aec791#pending,0a93e895-b2b3-414f-a3eb-d91283aec791,identity.ovwxx@harakirimail.com,,TestUser,TestUser,0000-00-00,pending,,0a93e895-b2b3-414f-a3eb-d91283aec791.jpg,admin,09/12/2022 04:38
7,0d7816d1-c105-4cd4-bb80-eb118e19b27c#pending,0d7816d1-c105-4cd4-bb80-eb118e19b27c,identity.q13d3@harakirimail.com,,TestUser,TestUser,0000-00-00,pending,,0d7816d1-c105-4cd4-bb80-eb118e19b27c.jpg,admin,13/12/2022 04:38
8,0e1de06a-ad9f-483f-a1aa-8268df1b482c#pending,0e1de06a-ad9f-483f-a1aa-8268df1b482c,identity.6quni@harakirimail.com,,TestUser,TestUser,0000-00-00,pending,,0e1de06a-ad9f-483f-a1aa-8268df1b482c.jpg,admin,13/12/2022 04:38
9,13d458a4-441e-4971-a5c2-08a653351d4d#pending,13d458a4-441e-4971-a5c2-08a653351d4d,identity.8s4hi@harakirimail.com,,TestUser,TestUser,0000-00-00,pending,,13d458a4-441e-4971-a5c2-08a653351d4d.jpg,admin,13/12/2022 04:37
10,145681283105178000#pending,1.46E+17,suff_int_test@mailinator.com,,suff,user,0000-00-00,pending,,145681283105178068.png,admin,08/12/2022 06:56
11,14cc75bc-99a8-4d57-bb35-c2dca5a290a9#pending,14cc75bc-99a8-4d57-bb35-c2dca5a290a9,identity.6bnpm@harakirimail.com,,TestUser,TestUser,0000-00-00,pending,,14cc75bc-99a8-4d57-bb35-c2dca5a290a9.jpg,admin,14/12/2022 04:37
12,2176367b-20f2-48e6-8598-9b28c0b2ebc5#pending,2176367b-20f2-48e6-8598-9b28c0b2ebc5,,,Medge,Hurst,0000-00-00,pending,,,admin,07/12/2022 04:39
13,24fe85ef-f15f-4e32-b2dd-94f82d098f67#pending,24fe85ef-f15f-4e32-b2dd-94f82d098f67,identity.csr4r@harakirimail.com,,TestUser,TestUser,0000-00-00,pending,,24fe85ef-f15f-4e32-b2dd-94f82d098f67.jpg,admin,14/12/2022 04:38
14,2afef343-183f-4bf3-84ac-59cda937d7e3#pending,2afef343-183f-4bf3-84ac-59cda937d7e3,identity.jxhie@harakirimail.com,,TestUser,TestUser,0000-00-00,pending,,2afef343-183f-4bf3-84ac-59cda937d7e3.jpg,admin,12/12/2022 04:40
15,32379e02-2ed6-4148-811c-cd75c63aa5bb#pending,32379e02-2ed6-4148-811c-cd75c63aa5bb,identity.pm21q@harakirimail.com,,TestUser,TestUser,0000-00-00,pending,,32379e02-2ed6-4148-811c-cd75c63aa5bb.jpg,admin,12/12/2022 04:38
16,35894a3b-43e2-4c7f-a781-8fcdd716acfe#pending,35894a3b-43e2-4c7f-a781-8fcdd716acfe,,,Lucy,Diaz,0000-00-00,pending,,,admin,07/12/2022 04:39
17,3b77d524-8ab1-4727-97d8-894312cbf529#pending,3b77d524-8ab1-4727-97d8-894312cbf529,,0,,,0000-00-00,pending,,,admin,13/12/2022 07:28
18,3cd1a939-0e9b-43c6-b94a-aeb6bef3180f#pending,3cd1a939-0e9b-43c6-b94a-aeb6bef3180f,identity.nedok@harakirimail.com,,TestUser,TestUser,0000-00-00,pending,,3cd1a939-0e9b-43c6-b94a-aeb6bef3180f.jpg,admin,04/07/2022 12:35
19,3d7e2323-0bf8-49c6-bdfa-e68ef26b9fce#pending,3d7e2323-0bf8-49c6-bdfa-e68ef26b9fce,identity.3biie@harakirimail.com,,TestUser,TestUser,0000-00-00,pending,,3d7e2323-0bf8-49c6-bdfa-e68ef26b9fce.jpg,admin,06/12/2022 04:38
20,41cb0726-c48b-4d89-a7f4-cd62a204c9d7#pending,41cb0726-c48b-4d89-a7f4-cd62a204c9d7,niksankpal001@gmail.com,,nikhil,s,0000-00-00,pending,,41cb0726-c48b-4d89-a7f4-cd62a204c9d7.jpg,admin,14/12/2022 04:38
21,45a2e631-1100-4078-84ad-64161511f9f5#pending,45a2e631-1100-4078-84ad-64161511f9f5,zetesafage@mailinator.com,,Judah,Barnett,0000-00-00,pending,,45a2e631-1100-4078-84ad-64161511f9f5.pdf,admin,07/12/2022 10:37
22,480a553a-bc54-45bd-a25c-0b030e82a586#pending,480a553a-bc54-45bd-a25c-0b030e82a586,identity.tuly6@harakirimail.com,,TestUser,TestUser,0000-00-00,pending,,480a553a-bc54-45bd-a25c-0b030e82a586.jpg,admin,07/12/2022 09:27
23,4a65b797-a53d-4871-b305-df8dada65cc2#pending,4a65b797-a53d-4871-b305-df8dada65cc2,identity.6bnpm@harakirimail.com,,TestUser,TestUser,0000-00-00,pending,,4a65b797-a53d-4871-b305-df8dada65cc2.jpg,admin,09/12/2022 04:38
24,541592bc-da01-40ff-98d0-710397c9f159#pending,541592bc-da01-40ff-98d0-710397c9f159,priyanka_manual001@harakirimail.com,,priyanka,juwar,0000-00-00,pending,,541592bc-da01-40ff-98d0-710397c9f159.png,admin,12/12/2022 09:32
25,5ac02838-70a4-42b8-bd58-2bce3d792fdd#pending,5ac02838-70a4-42b8-bd58-2bce3d792fdd,,,Test,User,0000-00-00,pending,,,admin,08/12/2022 04:39
26,5ac237ca-2711-4eca-a8e5-2b74740fd732#pending,5ac237ca-2711-4eca-a8e5-2b74740fd732,stripe-mv@harakirimail.com,,Philip,Perez,0000-00-00,pending,,5ac237ca-2711-4eca-a8e5-2b74740fd732.pdf,admin,30/06/2022 09:04
27,620026a4-5f30-42b2-97a4-a52fbeb8c9b9#pending,620026a4-5f30-42b2-97a4-a52fbeb8c9b9,identity.zxvqi@harakirimail.com,,TestUser,TestUser,0000-00-00,pending,,620026a4-5f30-42b2-97a4-a52fbeb8c9b9.jpg,admin,04/07/2022 13:32
28,690d5305-f93d-452f-bed7-b142e000a07b#pending,690d5305-f93d-452f-bed7-b142e000a07b,priyankamanual001@harakirimail.com,,pru,juwar,0000-00-00,pending,,690d5305-f93d-452f-bed7-b142e000a07b.png,admin,05/12/2022 04:38
29,6fd57325-5987-4253-9bbc-f272fb866f83#pending,6fd57325-5987-4253-9bbc-f272fb866f83,,,test,user,0000-00-00,pending,,,admin,13/12/2022 08:00
30,707ec1e0-ac74-461b-b9c0-d560ce132752#pending,707ec1e0-ac74-461b-b9c0-d560ce132752,identity.9r8kw@harakirimail.com,,TestUser,TestUser,0000-00-00,pending,,707ec1e0-ac74-461b-b9c0-d560ce132752.jpg,admin,30/06/2022 13:44
31,74cf498d-f4a0-4e58-ab99-1a6bb1e44ca1#pending,74cf498d-f4a0-4e58-ab99-1a6bb1e44ca1,primantest001@harakirimail.com,,pri,man,0000-00-00,pending,,74cf498d-f4a0-4e58-ab99-1a6bb1e44ca1.png,admin,13/12/2022 04:39
32,7c977aa4-778a-4aed-893f-6c10a9ba6288#pending,7c977aa4-778a-4aed-893f-6c10a9ba6288,mvnon03@harakirimail.com,,test,user,0000-00-00,pending,,7c977aa4-778a-4aed-893f-6c10a9ba6288.jpeg,admin,12/12/2022 06:12
33,7d08afc5-ccca-4cc1-9684-ca6f3306a1b7#pending,7d08afc5-ccca-4cc1-9684-ca6f3306a1b7,,,Oren,Parsons,0000-00-00,pending,,,admin,09/12/2022 04:48
34,81dadb76-bc4d-4903-bba1-3a35443a8b3d#pending,81dadb76-bc4d-4903-bba1-3a35443a8b3d,identity.n7ya4@harakirimail.com,,TestUser,TestUser,0000-00-00,pending,,81dadb76-bc4d-4903-bba1-3a35443a8b3d.jpg,admin,12/12/2022 04:38
35,8425636e-b8d8-4697-a817-9118f3e13fe5#pending,8425636e-b8d8-4697-a817-9118f3e13fe5,priyanka_manual0101@harakirimail.com,,pri,juwar,0000-00-00,pending,,8425636e-b8d8-4697-a817-9118f3e13fe5.png,admin,24/06/2022 06:52
36,8d9b5c2e-10c4-4b09-89aa-8127723b8b1a#pending,8d9b5c2e-10c4-4b09-89aa-8127723b8b1a,mvadd04@harakirimail.com,,Dana,Dejesus,0000-00-00,pending,,8d9b5c2e-10c4-4b09-89aa-8127723b8b1a.jpg,admin,07/12/2022 04:38
37,8ed58dc6-60cd-4805-a9ae-0e7d03b5fb73#pending,8ed58dc6-60cd-4805-a9ae-0e7d03b5fb73,identity.eyr5z@harakirimail.com,,TestUser,TestUser,0000-00-00,pending,,8ed58dc6-60cd-4805-a9ae-0e7d03b5fb73.jpg,admin,08/12/2022 04:40
38,9061b3ce-d525-41d7-8654-0f663c5b7a14#pending,9061b3ce-d525-41d7-8654-0f663c5b7a14,unknownuser0124@harakirimail.com,,Test,user,0000-00-00,pending,,9061b3ce-d525-41d7-8654-0f663c5b7a14.jpg,admin,14/12/2022 04:39
39,9069cf8a-cc0b-4dd2-ab6a-6f19771bc635#pending,9069cf8a-cc0b-4dd2-ab6a-6f19771bc635,user03@harakirimail.com,,kalyani,b,0000-00-00,pending,,9069cf8a-cc0b-4dd2-ab6a-6f19771bc635.png,admin,09/12/2022 04:37
40,91348fbc-7860-40a0-a333-6fcfc15540eb#pending,91348fbc-7860-40a0-a333-6fcfc15540eb,identity.uamjw@harakirimail.com,,TestUser,TestUser,0000-00-00,pending,,91348fbc-7860-40a0-a333-6fcfc15540eb.jpg,admin,07/07/2022 12:26
41,93093bac-8872-441b-862a-31e6e47c5646#pending,93093bac-8872-441b-862a-31e6e47c5646,,,Jason,Roy,0000-00-00,pending,,,admin,07/12/2022 04:38
42,95d4b0f7-f34a-4ce7-aa68-f5cd700757b1#pending,95d4b0f7-f34a-4ce7-aa68-f5cd700757b1,june24_3@harakirimail.com,,parag,patil,0000-00-00,pending,,95d4b0f7-f34a-4ce7-aa68-f5cd700757b1.pdf,admin,08/12/2022 04:38
43,9c6ee6d0-04d8-44eb-a13b-7c65c610621e#pending,9c6ee6d0-04d8-44eb-a13b-7c65c610621e,identity.8zbtk@harakirimail.com,,TestUser,TestUser,0000-00-00,pending,,9c6ee6d0-04d8-44eb-a13b-7c65c610621e.jpg,admin,05/12/2022 11:43
44,a0430b25-a404-4e06-a05d-80ee845ab914#pending,a0430b25-a404-4e06-a05d-80ee845ab914,identity.0htcq@harakirimail.com,,TestUser,TestUser,0000-00-00,pending,,a0430b25-a404-4e06-a05d-80ee845ab914.jpg,admin,12/12/2022 04:38
45,a0c563a8-6343-490c-8374-d3e13fa94aaf#pending,a0c563a8-6343-490c-8374-d3e13fa94aaf,identity.t2ltc@harakirimail.com,,TestUser,TestUser,0000-00-00,pending,,a0c563a8-6343-490c-8374-d3e13fa94aaf.jpg,admin,07/12/2022 04:39
46,a3dba3b1-49f9-40c9-9f70-300708b3c653#pending,a3dba3b1-49f9-40c9-9f70-300708b3c653,identity.zxvqi@harakirimail.com,,TestUser,TestUser,0000-00-00,pending,,a3dba3b1-49f9-40c9-9f70-300708b3c653.jpg,admin,13/12/2022 07:28
47,a5c8ecc1-454b-4bd8-b74f-05724b5ae273#pending,a5c8ecc1-454b-4bd8-b74f-05724b5ae273,ck1@harakirimail.com,0,parag,patil,0000-00-00,pending,,a5c8ecc1-454b-4bd8-b74f-05724b5ae273.webp,admin,04/07/2022 12:35
48,a884b5d5-a1fc-4a3e-9046-eea8307feea8#pending,a884b5d5-a1fc-4a3e-9046-eea8307feea8,,0,,,0000-00-00,pending,,,admin,06/12/2022 04:38
49,a9879f25-b43f-42d9-b78c-49cc175288ec#pending,a9879f25-b43f-42d9-b78c-49cc175288ec,identity.3vjp2@harakirimail.com,,TestUser,TestUser,0000-00-00,pending,,a9879f25-b43f-42d9-b78c-49cc175288ec.jpg,admin,14/12/2022 04:38
50,b29236e0-e14d-4cd0-af68-991fe3f2c4c3#pending,b29236e0-e14d-4cd0-af68-991fe3f2c4c3,identity.d7uwm@harakirimail.com,,TestUser,TestUser,0000-00-00,pending,,b29236e0-e14d-4cd0-af68-991fe3f2c4c3.jpg,admin,07/12/2022 10:37
51,b3837f60-5f02-410a-8722-bdae77776c9e#pending,b3837f60-5f02-410a-8722-bdae77776c9e,mv01gj@harakirimail.com,,Violet,Dawson,0000-00-00,pending,,,admin,07/12/2022 09:27
52,f2b5da0f-27e4-45f5-af96-5cf5ba842107#rejected,f2b5da0f-27e4-45f5-af96-5cf5ba842107,k2@harakirimail.com,,Dorian,Holloway,0000-00-00,rejected,,f2b5da0f-27e4-45f5-af96-5cf5ba842107.jpg,admin,15/12/2022 05:23
53,03389f0c-c0a1-479f-8ddb-85e9481bb2f6#rejected,03389f0c-c0a1-479f-8ddb-85e9481bb2f6,identity.3kfqz@harakirimail.com,,TestUser,TestUser,0000-00-00,rejected,,03389f0c-c0a1-479f-8ddb-85e9481bb2f6.jpg,admin,10/12/2022 04:38
54,0419dad4-fab6-4c21-aa8d-6c4c34a77d0e#rejected,0419dad4-fab6-4c21-aa8d-6c4c34a77d0e,identity.d7uwm@harakirimail.com,,TestUser,TestUser,0000-00-00,rejected,,0419dad4-fab6-4c21-aa8d-6c4c34a77d0e.jpg,admin,09/12/2022 04:37
55,050b63b4-d215-4beb-9e69-60161461e1a0#rejected,050b63b4-d215-4beb-9e69-60161461e1a0,identity.nedok@harakirimail.com,,TestUser,TestUser,0000-00-00,rejected,,050b63b4-d215-4beb-9e69-60161461e1a0.jpg,admin,13/12/2022 04:37
56,0867126d-b15c-48d2-b55e-97ec9abf77e9#rejected,0867126d-b15c-48d2-b55e-97ec9abf77e9,june30_1@harakirimail.com,4285,parag,patilsss,0000-00-00,rejected,,,admin,08/12/2022 07:10
57,0a93e895-b2b3-414f-a3eb-d91283aec791#rejected,0a93e895-b2b3-414f-a3eb-d91283aec791,identity.ovwxx@harakirimail.com,,TestUser,TestUser,0000-00-00,rejected,,0a93e895-b2b3-414f-a3eb-d91283aec791.jpg,admin,09/12/2022 04:38
58,0d7816d1-c105-4cd4-bb80-eb118e19b27c#rejected,0d7816d1-c105-4cd4-bb80-eb118e19b27c,identity.q13d3@harakirimail.com,,TestUser,TestUser,0000-00-00,rejected,,0d7816d1-c105-4cd4-bb80-eb118e19b27c.jpg,admin,14/12/2022 04:38
59,0e1de06a-ad9f-483f-a1aa-8268df1b482c#rejected,0e1de06a-ad9f-483f-a1aa-8268df1b482c,identity.6quni@harakirimail.com,,TestUser,TestUser,0000-00-00,rejected,,0e1de06a-ad9f-483f-a1aa-8268df1b482c.jpg,admin,14/12/2022 04:38
60,13d458a4-441e-4971-a5c2-08a653351d4d#rejected,13d458a4-441e-4971-a5c2-08a653351d4d,identity.8s4hi@harakirimail.com,,TestUser,TestUser,0000-00-00,rejected,,13d458a4-441e-4971-a5c2-08a653351d4d.jpg,admin,14/12/2022 04:37
61,145681283105178000#rejected,1.46E+17,suff_int_test@mailinator.com,,suff,user,0000-00-00,rejected,,145681283105178068.png,admin,09/12/2022 06:56
62,14cc75bc-99a8-4d57-bb35-c2dca5a290a9#rejected,14cc75bc-99a8-4d57-bb35-c2dca5a290a9,identity.6bnpm@harakirimail.com,,TestUser,TestUser,0000-00-00,rejected,,14cc75bc-99a8-4d57-bb35-c2dca5a290a9.jpg,admin,15/12/2022 04:37
63,2176367b-20f2-48e6-8598-9b28c0b2ebc5#rejected,2176367b-20f2-48e6-8598-9b28c0b2ebc5,,,Medge,Hurst,0000-00-00,rejected,,,admin,08/12/2022 04:39
64,24fe85ef-f15f-4e32-b2dd-94f82d098f67#rejected,24fe85ef-f15f-4e32-b2dd-94f82d098f67,identity.csr4r@harakirimail.com,,TestUser,TestUser,0000-00-00,rejected,,24fe85ef-f15f-4e32-b2dd-94f82d098f67.jpg,admin,15/12/2022 04:38
65,2afef343-183f-4bf3-84ac-59cda937d7e3#rejected,2afef343-183f-4bf3-84ac-59cda937d7e3,identity.jxhie@harakirimail.com,,TestUser,TestUser,0000-00-00,rejected,,2afef343-183f-4bf3-84ac-59cda937d7e3.jpg,admin,13/12/2022 04:40
66,32379e02-2ed6-4148-811c-cd75c63aa5bb#rejected,32379e02-2ed6-4148-811c-cd75c63aa5bb,identity.pm21q@harakirimail.com,,TestUser,TestUser,0000-00-00,rejected,,32379e02-2ed6-4148-811c-cd75c63aa5bb.jpg,admin,13/12/2022 04:38
67,35894a3b-43e2-4c7f-a781-8fcdd716acfe#rejected,35894a3b-43e2-4c7f-a781-8fcdd716acfe,,,Lucy,Diaz,0000-00-00,rejected,,,admin,08/12/2022 04:39
68,3b77d524-8ab1-4727-97d8-894312cbf529#rejected,3b77d524-8ab1-4727-97d8-894312cbf529,,0,,,0000-00-00,rejected,,,admin,14/12/2022 07:28
69,3cd1a939-0e9b-43c6-b94a-aeb6bef3180f#rejected,3cd1a939-0e9b-43c6-b94a-aeb6bef3180f,identity.nedok@harakirimail.com,,TestUser,TestUser,0000-00-00,rejected,,3cd1a939-0e9b-43c6-b94a-aeb6bef3180f.jpg,admin,05/07/2022 12:35
70,3d7e2323-0bf8-49c6-bdfa-e68ef26b9fce#rejected,3d7e2323-0bf8-49c6-bdfa-e68ef26b9fce,identity.3biie@harakirimail.com,,TestUser,TestUser,0000-00-00,rejected,,3d7e2323-0bf8-49c6-bdfa-e68ef26b9fce.jpg,admin,07/12/2022 04:38
71,41cb0726-c48b-4d89-a7f4-cd62a204c9d7#rejected,41cb0726-c48b-4d89-a7f4-cd62a204c9d7,niksankpal001@gmail.com,,nikhil,s,0000-00-00,rejected,,41cb0726-c48b-4d89-a7f4-cd62a204c9d7.jpg,admin,15/12/2022 04:38
72,45a2e631-1100-4078-84ad-64161511f9f5#rejected,45a2e631-1100-4078-84ad-64161511f9f5,zetesafage@mailinator.com,,Judah,Barnett,0000-00-00,rejected,,45a2e631-1100-4078-84ad-64161511f9f5.pdf,admin,08/12/2022 10:37
73,480a553a-bc54-45bd-a25c-0b030e82a586#rejected,480a553a-bc54-45bd-a25c-0b030e82a586,identity.tuly6@harakirimail.com,,TestUser,TestUser,0000-00-00,rejected,,480a553a-bc54-45bd-a25c-0b030e82a586.jpg,admin,08/12/2022 09:27
74,4a65b797-a53d-4871-b305-df8dada65cc2#rejected,4a65b797-a53d-4871-b305-df8dada65cc2,identity.6bnpm@harakirimail.com,,TestUser,TestUser,0000-00-00,rejected,,4a65b797-a53d-4871-b305-df8dada65cc2.jpg,admin,10/12/2022 04:38
75,541592bc-da01-40ff-98d0-710397c9f159#rejected,541592bc-da01-40ff-98d0-710397c9f159,priyanka_manual001@harakirimail.com,,priyanka,juwar,0000-00-00,rejected,,541592bc-da01-40ff-98d0-710397c9f159.png,admin,13/12/2022 09:32
76,5ac02838-70a4-42b8-bd58-2bce3d792fdd#rejected,5ac02838-70a4-42b8-bd58-2bce3d792fdd,,,Test,User,0000-00-00,rejected,,,admin,09/12/2022 04:39
77,5ac237ca-2711-4eca-a8e5-2b74740fd732#rejected,5ac237ca-2711-4eca-a8e5-2b74740fd732,stripe-mv@harakirimail.com,,Philip,Perez,0000-00-00,rejected,,5ac237ca-2711-4eca-a8e5-2b74740fd732.pdf,admin,30/06/2022 10:04
78,620026a4-5f30-42b2-97a4-a52fbeb8c9b9#rejected,620026a4-5f30-42b2-97a4-a52fbeb8c9b9,identity.zxvqi@harakirimail.com,,TestUser,TestUser,0000-00-00,rejected,,620026a4-5f30-42b2-97a4-a52fbeb8c9b9.jpg,admin,05/07/2022 13:32
79,690d5305-f93d-452f-bed7-b142e000a07b#rejected,690d5305-f93d-452f-bed7-b142e000a07b,priyankamanual001@harakirimail.com,,pru,juwar,0000-00-00,rejected,,690d5305-f93d-452f-bed7-b142e000a07b.png,admin,06/12/2022 04:38
80,6fd57325-5987-4253-9bbc-f272fb866f83#rejected,6fd57325-5987-4253-9bbc-f272fb866f83,,,test,user,0000-00-00,rejected,,,admin,14/12/2022 08:00
81,707ec1e0-ac74-461b-b9c0-d560ce132752#rejected,707ec1e0-ac74-461b-b9c0-d560ce132752,identity.9r8kw@harakirimail.com,,TestUser,TestUser,0000-00-00,rejected,,707ec1e0-ac74-461b-b9c0-d560ce132752.jpg,admin,30/06/2022 14:44
82,74cf498d-f4a0-4e58-ab99-1a6bb1e44ca1#rejected,74cf498d-f4a0-4e58-ab99-1a6bb1e44ca1,primantest001@harakirimail.com,,pri,man,0000-00-00,rejected,,74cf498d-f4a0-4e58-ab99-1a6bb1e44ca1.png,admin,14/12/2022 04:39
83,7c977aa4-778a-4aed-893f-6c10a9ba6288#rejected,7c977aa4-778a-4aed-893f-6c10a9ba6288,mvnon03@harakirimail.com,,test,user,0000-00-00,rejected,,7c977aa4-778a-4aed-893f-6c10a9ba6288.jpeg,admin,13/12/2022 06:12
84,7d08afc5-ccca-4cc1-9684-ca6f3306a1b7#rejected,7d08afc5-ccca-4cc1-9684-ca6f3306a1b7,,,Oren,Parsons,0000-00-00,rejected,,,admin,10/12/2022 04:48
85,81dadb76-bc4d-4903-bba1-3a35443a8b3d#rejected,81dadb76-bc4d-4903-bba1-3a35443a8b3d,identity.n7ya4@harakirimail.com,,TestUser,TestUser,0000-00-00,rejected,,81dadb76-bc4d-4903-bba1-3a35443a8b3d.jpg,admin,13/12/2022 04:38
86,8425636e-b8d8-4697-a817-9118f3e13fe5#rejected,8425636e-b8d8-4697-a817-9118f3e13fe5,priyanka_manual0101@harakirimail.com,,pri,juwar,0000-00-00,rejected,,8425636e-b8d8-4697-a817-9118f3e13fe5.png,admin,25/06/2022 06:52
87,8d9b5c2e-10c4-4b09-89aa-8127723b8b1a#rejected,8d9b5c2e-10c4-4b09-89aa-8127723b8b1a,mvadd04@harakirimail.com,,Dana,Dejesus,0000-00-00,rejected,,8d9b5c2e-10c4-4b09-89aa-8127723b8b1a.jpg,admin,08/12/2022 04:38
88,8ed58dc6-60cd-4805-a9ae-0e7d03b5fb73#rejected,8ed58dc6-60cd-4805-a9ae-0e7d03b5fb73,identity.eyr5z@harakirimail.com,,TestUser,TestUser,0000-00-00,rejected,,8ed58dc6-60cd-4805-a9ae-0e7d03b5fb73.jpg,admin,09/12/2022 04:40
89,9061b3ce-d525-41d7-8654-0f663c5b7a14#rejected,9061b3ce-d525-41d7-8654-0f663c5b7a14,unknownuser0124@harakirimail.com,,Test,user,0000-00-00,rejected,,9061b3ce-d525-41d7-8654-0f663c5b7a14.jpg,admin,15/12/2022 04:39
90,9069cf8a-cc0b-4dd2-ab6a-6f19771bc635#rejected,9069cf8a-cc0b-4dd2-ab6a-6f19771bc635,user03@harakirimail.com,,kalyani,b,0000-00-00,rejected,,9069cf8a-cc0b-4dd2-ab6a-6f19771bc635.png,admin,10/12/2022 04:37
91,91348fbc-7860-40a0-a333-6fcfc15540eb#rejected,91348fbc-7860-40a0-a333-6fcfc15540eb,identity.uamjw@harakirimail.com,,TestUser,TestUser,0000-00-00,rejected,,91348fbc-7860-40a0-a333-6fcfc15540eb.jpg,admin,08/07/2022 12:26
92,93093bac-8872-441b-862a-31e6e47c5646#rejected,93093bac-8872-441b-862a-31e6e47c5646,,,Jason,Roy,0000-00-00,rejected,,,admin,08/12/2022 04:38
93,95d4b0f7-f34a-4ce7-aa68-f5cd700757b1#rejected,95d4b0f7-f34a-4ce7-aa68-f5cd700757b1,june24_3@harakirimail.com,,parag,patil,0000-00-00,rejected,,95d4b0f7-f34a-4ce7-aa68-f5cd700757b1.pdf,admin,09/12/2022 04:38
94,9c6ee6d0-04d8-44eb-a13b-7c65c610621e#rejected,9c6ee6d0-04d8-44eb-a13b-7c65c610621e,identity.8zbtk@harakirimail.com,,TestUser,TestUser,0000-00-00,rejected,,9c6ee6d0-04d8-44eb-a13b-7c65c610621e.jpg,admin,06/12/2022 11:43
95,a0430b25-a404-4e06-a05d-80ee845ab914#rejected,a0430b25-a404-4e06-a05d-80ee845ab914,identity.0htcq@harakirimail.com,,TestUser,TestUser,0000-00-00,rejected,,a0430b25-a404-4e06-a05d-80ee845ab914.jpg,admin,13/12/2022 04:38
96,a0c563a8-6343-490c-8374-d3e13fa94aaf#rejected,a0c563a8-6343-490c-8374-d3e13fa94aaf,identity.t2ltc@harakirimail.com,,TestUser,TestUser,0000-00-00,rejected,,a0c563a8-6343-490c-8374-d3e13fa94aaf.jpg,admin,08/12/2022 04:39
97,a3dba3b1-49f9-40c9-9f70-300708b3c653#rejected,a3dba3b1-49f9-40c9-9f70-300708b3c653,identity.zxvqi@harakirimail.com,,TestUser,TestUser,0000-00-00,rejected,,a3dba3b1-49f9-40c9-9f70-300708b3c653.jpg,admin,14/12/2022 07:28
99,8425636e-b8d8-4697-a817-9118f3e13fe5#approved,8425636e-b8d8-4697-a817-9118f3e13fe5,priyanka_manual0101@harakirimail.com,,pri,juwar,0000-00-00,accepted,,8425636e-b8d8-4697-a817-9118f3e13fe5.png,admin,25/06/2022 06:52
100,8d9b5c2e-10c4-4b09-89aa-8127723b8b1a#approved,8d9b5c2e-10c4-4b09-89aa-8127723b8b1a,mvadd04@harakirimail.com,,Dana,Dejesus,0000-00-00,accepted,,8d9b5c2e-10c4-4b09-89aa-8127723b8b1a.jpg,admin,08/12/2022 04:38
101,8ed58dc6-60cd-4805-a9ae-0e7d03b5fb73#approved,8ed58dc6-60cd-4805-a9ae-0e7d03b5fb73,identity.eyr5z@harakirimail.com,,TestUser,TestUser,0000-00-00,accepted,,8ed58dc6-60cd-4805-a9ae-0e7d03b5fb73.jpg,admin,09/12/2022 04:40
102,9061b3ce-d525-41d7-8654-0f663c5b7a14#approved,9061b3ce-d525-41d7-8654-0f663c5b7a14,unknownuser0124@harakirimail.com,,Test,user,0000-00-00,accepted,,9061b3ce-d525-41d7-8654-0f663c5b7a14.jpg,admin,15/12/2022 04:39
103,9069cf8a-cc0b-4dd2-ab6a-6f19771bc635#approved,9069cf8a-cc0b-4dd2-ab6a-6f19771bc635,user03@harakirimail.com,,kalyani,b,0000-00-00,accepted,,9069cf8a-cc0b-4dd2-ab6a-6f19771bc635.png,admin,10/12/2022 04:37
104,91348fbc-7860-40a0-a333-6fcfc15540eb#approved,91348fbc-7860-40a0-a333-6fcfc15540eb,identity.uamjw@harakirimail.com,,TestUser,TestUser,0000-00-00,accepted,,91348fbc-7860-40a0-a333-6fcfc15540eb.jpg,admin,08/07/2022 12:26
105,93093bac-8872-441b-862a-31e6e47c5646#approved,93093bac-8872-441b-862a-31e6e47c5646,,,Jason,Roy,0000-00-00,accepted,,,admin,08/12/2022 04:38
106,95d4b0f7-f34a-4ce7-aa68-f5cd700757b1#approved,95d4b0f7-f34a-4ce7-aa68-f5cd700757b1,june24_3@harakirimail.com,,parag,patil,0000-00-00,accepted,,95d4b0f7-f34a-4ce7-aa68-f5cd700757b1.pdf,admin,09/12/2022 04:38
107,9c6ee6d0-04d8-44eb-a13b-7c65c610621e#approved,9c6ee6d0-04d8-44eb-a13b-7c65c610621e,identity.8zbtk@harakirimail.com,,TestUser,TestUser,0000-00-00,accepted,,9c6ee6d0-04d8-44eb-a13b-7c65c610621e.jpg,admin,06/12/2022 11:43
108,a0430b25-a404-4e06-a05d-80ee845ab914#approved,a0430b25-a404-4e06-a05d-80ee845ab914,identity.0htcq@harakirimail.com,,TestUser,TestUser,0000-00-00,accepted,,a0430b25-a404-4e06-a05d-80ee845ab914.jpg,admin,13/12/2022 04:38
109,a0c563a8-6343-490c-8374-d3e13fa94aaf#approved,a0c563a8-6343-490c-8374-d3e13fa94aaf,identity.t2ltc@harakirimail.com,,TestUser,TestUser,0000-00-00,accepted,,a0c563a8-6343-490c-8374-d3e13fa94aaf.jpg,admin,08/12/2022 04:39
110,a3dba3b1-49f9-40c9-9f70-300708b3c653#approved,a3dba3b1-49f9-40c9-9f70-300708b3c653,identity.zxvqi@harakirimail.com,,TestUser,TestUser,0000-00-00,accepted,,a3dba3b1-49f9-40c9-9f70-300708b3c653.jpg,admin,14/12/2022 07:28
111,a5c8ecc1-454b-4bd8-b74f-05724b5ae273#approved,a5c8ecc1-454b-4bd8-b74f-05724b5ae273,ck1@harakirimail.com,0,parag,patil,0000-00-00,accepted,,a5c8ecc1-454b-4bd8-b74f-05724b5ae273.webp,admin,05/07/2022 12:35
112,a884b5d5-a1fc-4a3e-9046-eea8307feea8#approved,a884b5d5-a1fc-4a3e-9046-eea8307feea8,,0,,,0000-00-00,accepted,,,admin,07/12/2022 04:38
113,a9879f25-b43f-42d9-b78c-49cc175288ec#approved,a9879f25-b43f-42d9-b78c-49cc175288ec,identity.3vjp2@harakirimail.com,,TestUser,TestUser,0000-00-00,accepted,,a9879f25-b43f-42d9-b78c-49cc175288ec.jpg,admin,15/12/2022 04:38
114,b29236e0-e14d-4cd0-af68-991fe3f2c4c3#approved,b29236e0-e14d-4cd0-af68-991fe3f2c4c3,identity.d7uwm@harakirimail.com,,TestUser,TestUser,0000-00-00,accepted,,b29236e0-e14d-4cd0-af68-991fe3f2c4c3.jpg,admin,08/12/2022 10:37
115,b3837f60-5f02-410a-8722-bdae77776c9e#approved,b3837f60-5f02-410a-8722-bdae77776c9e,mv01gj@harakirimail.com,,Violet,Dawson,0000-00-00,accepted,,,admin,08/12/2022 09:27
